CookerStat, GenerateAssetRegistry=0.066392, Initialize=0.349928, RunGuid=RunIDD406B1B14238A0773C125191AC4D960F
DDCTransactionId60DD0E3849C868114272DE8D14825AF8_0, BuildTexture=, CacheKey=TEXTURE_814DCC3DC72143F49509781513CB9855_AutoDXT_406B24364D20A01282F808AAA58C905A_07_0000803F0000803F0000803F000000000000803F00000000000000000000803F0000000000000000020000000E000000000000000101000000040000803FFFFFFFFF00000000FF00FF00FFFF8180803B, StartTime=2016.06.02-09.41.11, Duration=15100.932617, RunGuid=RunIDD406B1B14238A0773C125191AC4D960F
DDCTransactionId4D1FFB6C4D58902FA8F22BB7894F45D5_0, PutCachedData=, CacheKey=TEXTURE_814DCC3DC72143F49509781513CB9855_AutoDXT_406B24364D20A01282F808AAA58C9__B7F552FEC303C8AFA7540682EFB06443B152EDDB, StartTime=2016.06.02-09.41.26, HierarchicalDDC=, DataSize=4194569, Duration=123.879501, RunGuid=RunIDD406B1B14238A0773C125191AC4D960F
DDCTransactionId76764D7A43AB03A8CD4928BAF386301C_0, PutCachedData=, CacheKey=TEXTURE_814DCC3DC72143F49509781513CB9855_AutoDXT_406B24364D20A01282F808AAA58C9__D7001EA2DEC6230B70F727A40DF04E2D10299BAE, StartTime=2016.06.02-09.41.26, HierarchicalDDC=, DataSize=1048841, Duration=17.826281, RunGuid=RunIDD406B1B14238A0773C125191AC4D960F
DDCTransactionId9412E4E74F5D99FC0517C6A6A1F78EA8_0, PutCachedData=, CacheKey=TEXTURE_814DCC3DC72143F49509781513CB9855_AutoDXT_406B24364D20A01282F808AAA58C9__17F9224B6156333A5513DE88BFAB581111F526CB, StartTime=2016.06.02-09.41.26, HierarchicalDDC=, DataSize=262407, Duration=67.820641, RunGuid=RunIDD406B1B14238A0773C125191AC4D960F
DDCTransactionId76764D7A43AB03A8CD4928BAF386301C_1, PutCachedData=, CacheKey=TEXTURE_814DCC3DC72143F49509781513CB9855_AutoDXT_406B24364D20A01282F808AAA58C9__E5DBA32CC127AB274DA3E182857C27A4F8931915, StartTime=2016.06.02-09.41.26, HierarchicalDDC=, DataSize=65799, Duration=25.980078, RunGuid=RunIDD406B1B14238A0773C125191AC4D960F
DDCTransactionId76764D7A43AB03A8CD4928BAF386301C_2, PutCachedData=, CacheKey=TEXTURE_814DCC3DC72143F49509781513CB9855_AutoDXT_406B24364D20A01282F808AAA58C9__E0B7CECC7E300753A744D983D94868EAB8B3F3F7, StartTime=2016.06.02-09.41.26, HierarchicalDDC=, DataSize=16647, Duration=32.285782, RunGuid=RunIDD406B1B14238A0773C125191AC4D960F
DDCTransactionId76764D7A43AB03A8CD4928BAF386301C_3, PutCachedData=, CacheKey=TEXTURE_814DCC3DC72143F49509781513CB9855_AutoDXT_406B24364D20A01282F808AAA58C9__5DB5BF14AF5519ACDCBCCE42ACE7FEA3006A0505, StartTime=2016.06.02-09.41.26, HierarchicalDDC=, DataSize=7493, Duration=73.154503, RunGuid=RunIDD406B1B14238A0773C125191AC4D960F
DDCTransactionId60DD0E3849C868114272DE8D14825AF8_1, BuildTexture=, CacheKey=TEXTURE_814DCC3DC72143F49509781513CB9855_AutoDXT_F279FA3443DC4EFA01B9ED8FAD171260_07_0000803F0000803F0000803F000000000000803F00000000000000000000803F0000000000000000020000000E000000000000000101000000040000803FFFFFFFFF00000000FF00FF00FFFF8180803B, StartTime=2016.06.02-09.41.26, Duration=4104.680664, RunGuid=RunIDD406B1B14238A0773C125191AC4D960F
DDCTransactionId9412E4E74F5D99FC0517C6A6A1F78EA8_1, PutCachedData=, CacheKey=TEXTURE_814DCC3DC72143F49509781513CB9855_AutoDXT_F279FA3443DC4EFA01B9ED8FAD171__86A14B50E47808760640A26742C9D71BA626F55B, StartTime=2016.06.02-09.41.30, HierarchicalDDC=, DataSize=1048841, Duration=146.933807, RunGuid=RunIDD406B1B14238A0773C125191AC4D960F
DDCTransactionId4D1FFB6C4D58902FA8F22BB7894F45D5_1, PutCachedData=, CacheKey=TEXTURE_814DCC3DC72143F49509781513CB9855_AutoDXT_F279FA3443DC4EFA01B9ED8FAD171__339F6584D8CB997FAD7325FA064821F0D2FB8DD8, StartTime=2016.06.02-09.41.30, HierarchicalDDC=, DataSize=262407, Duration=23.709257, RunGuid=RunIDD406B1B14238A0773C125191AC4D960F
DDCTransactionId76764D7A43AB03A8CD4928BAF386301C_4, PutCachedData=, CacheKey=TEXTURE_814DCC3DC72143F49509781513CB9855_AutoDXT_F279FA3443DC4EFA01B9ED8FAD171__7AF7E4F8A85531D2A662D2DE0074464C6ED5345F, StartTime=2016.06.02-09.41.30, HierarchicalDDC=, DataSize=65799, Duration=51.106354, RunGuid=RunIDD406B1B14238A0773C125191AC4D960F
DDCTransactionId4D1FFB6C4D58902FA8F22BB7894F45D5_2, PutCachedData=, CacheKey=TEXTURE_814DCC3DC72143F49509781513CB9855_AutoDXT_F279FA3443DC4EFA01B9ED8FAD171__901FEBB0318FFFD3FDEA585AD4A86B238CCCE452, StartTime=2016.06.02-09.41.30, HierarchicalDDC=, DataSize=16647, Duration=32.012516, RunGuid=RunIDD406B1B14238A0773C125191AC4D960F
DDCTransactionId76764D7A43AB03A8CD4928BAF386301C_5, PutCachedData=, CacheKey=TEXTURE_814DCC3DC72143F49509781513CB9855_AutoDXT_F279FA3443DC4EFA01B9ED8FAD171__2AEFDC9C1CCDE9BD3F0AB658AAC65F40DC80941A, StartTime=2016.06.02-09.41.30, HierarchicalDDC=, DataSize=7196, Duration=18.858738, RunGuid=RunIDD406B1B14238A0773C125191AC4D960F
DDCTransactionId60DD0E3849C868114272DE8D14825AF8_2, BuildTexture=, CacheKey=TEXTURE_814DCC3DC72143F49509781513CB9855_AutoDXT_C16DBDED44A0576FDFBC6B819B996887_07_0000803F0000803F0000803F000000000000803F00000000000000000000803F0000000000000000020000000E000000000000000101000000040000803FFFFFFFFF00000000FF00FF00FFFF8180803B, StartTime=2016.06.02-09.41.30, Duration=4470.962891, RunGuid=RunIDD406B1B14238A0773C125191AC4D960F
DDCTransactionId4D1FFB6C4D58902FA8F22BB7894F45D5_3, PutCachedData=, CacheKey=TEXTURE_814DCC3DC72143F49509781513CB9855_AutoDXT_C16DBDED44A0576FDFBC6B819B996__A461B80BDB2438FC60C26152360D599E8C243B2F, StartTime=2016.06.02-09.41.35, HierarchicalDDC=, DataSize=1048841, Duration=55.257664, RunGuid=RunIDD406B1B14238A0773C125191AC4D960F
DDCTransactionId76764D7A43AB03A8CD4928BAF386301C_6, PutCachedData=, CacheKey=TEXTURE_814DCC3DC72143F49509781513CB9855_AutoDXT_C16DBDED44A0576FDFBC6B819B996__91340D9B92B73E3B3B4F86806D2DFCCE5B518D18, StartTime=2016.06.02-09.41.35, HierarchicalDDC=, DataSize=262407, Duration=66.009430, RunGuid=RunIDD406B1B14238A0773C125191AC4D960F
DDCTransactionId9412E4E74F5D99FC0517C6A6A1F78EA8_2, PutCachedData=, CacheKey=TEXTURE_814DCC3DC72143F49509781513CB9855_AutoDXT_C16DBDED44A0576FDFBC6B819B996__11C31075D637EBE076ADCC5985D95D1B33F2ED35, StartTime=2016.06.02-09.41.35, HierarchicalDDC=, DataSize=65799, Duration=61.797825, RunGuid=RunIDD406B1B14238A0773C125191AC4D960F
DDCTransactionId4D1FFB6C4D58902FA8F22BB7894F45D5_4, PutCachedData=, CacheKey=TEXTURE_814DCC3DC72143F49509781513CB9855_AutoDXT_C16DBDED44A0576FDFBC6B819B996__C1FB527FCE9AF581532D9ABE720CAD13304385B6, StartTime=2016.06.02-09.41.35, HierarchicalDDC=, DataSize=16647, Duration=27.272009, RunGuid=RunIDD406B1B14238A0773C125191AC4D960F
DDCTransactionId76764D7A43AB03A8CD4928BAF386301C_7, PutCachedData=, CacheKey=TEXTURE_814DCC3DC72143F49509781513CB9855_AutoDXT_C16DBDED44A0576FDFBC6B819B996__5D985F1C683C78ACC903F26F7203FBB694D05DC0, StartTime=2016.06.02-09.41.35, HierarchicalDDC=, DataSize=7196, Duration=38.537281, RunGuid=RunIDD406B1B14238A0773C125191AC4D960F
DDCTransactionId60DD0E3849C868114272DE8D14825AF8_3, BuildTexture=, CacheKey=TEXTURE_814DCC3DC72143F49509781513CB9855_AutoDXT_337C430F45FB39E2C9173D80C964B443_07_0000803F0000803F0000803F000000000000803F00000000000000000000803F0000000000000000020000000E000000000000000101000000040000803FFFFFFFFF00000000FF00FF00FFFF8180803B, StartTime=2016.06.02-09.41.35, Duration=4421.144531, RunGuid=RunIDD406B1B14238A0773C125191AC4D960F
DDCTransactionId4D1FFB6C4D58902FA8F22BB7894F45D5_5, PutCachedData=, CacheKey=TEXTURE_814DCC3DC72143F49509781513CB9855_AutoDXT_337C430F45FB39E2C9173D80C964B__E649839BB6BDA30F4C859D57EAB41CB38115ACEE, StartTime=2016.06.02-09.41.39, HierarchicalDDC=, DataSize=262407, Duration=30.577534, RunGuid=RunIDD406B1B14238A0773C125191AC4D960F
DDCTransactionId76764D7A43AB03A8CD4928BAF386301C_8, PutCachedData=, CacheKey=TEXTURE_814DCC3DC72143F49509781513CB9855_AutoDXT_337C430F45FB39E2C9173D80C964B__18FEB4FB305B6BED3DAD51C7BE33C2F93B393E1D, StartTime=2016.06.02-09.41.39, HierarchicalDDC=, DataSize=65799, Duration=14.746242, RunGuid=RunIDD406B1B14238A0773C125191AC4D960F
DDCTransactionId76764D7A43AB03A8CD4928BAF386301C_9, PutCachedData=, CacheKey=TEXTURE_814DCC3DC72143F49509781513CB9855_AutoDXT_337C430F45FB39E2C9173D80C964B__F9C2F2A89824F0EF9AFA533C212BEBAEDEB30FB3, StartTime=2016.06.02-09.41.39, HierarchicalDDC=, DataSize=16647, Duration=52.360760, RunGuid=RunIDD406B1B14238A0773C125191AC4D960F
DDCTransactionId4D1FFB6C4D58902FA8F22BB7894F45D5_6, PutCachedData=, CacheKey=TEXTURE_814DCC3DC72143F49509781513CB9855_AutoDXT_337C430F45FB39E2C9173D80C964B__4190DDE2EC94D569B915BAFD8E945FD79F147828, StartTime=2016.06.02-09.41.39, HierarchicalDDC=, DataSize=7196, Duration=18.473532, RunGuid=RunIDD406B1B14238A0773C125191AC4D960F
DDCTransactionId9412E4E74F5D99FC0517C6A6A1F78EA8_3, PutCachedData=, CacheKey=TEXTURE_814DCC3DC72143F49509781513CB9855_AutoDXT_337C430F45FB39E2C9173D80C964B__C6ED8B3AC78D784F170D9528A68308ABD932AC71, StartTime=2016.06.02-09.41.39, HierarchicalDDC=, DataSize=1048841, Duration=193.495956, RunGuid=RunIDD406B1B14238A0773C125191AC4D960F
DDCTransactionId60DD0E3849C868114272DE8D14825AF8_4, BuildTexture=, CacheKey=TEXTURE_814DCC3DC72143F49509781513CB9855_AutoDXT_D74401144B5091ED7F82D2BB3CFF446C_07_0000803F0000803F0000803F000000000000803F00000000000000000000803F0000000000000000020000000E000000000000000101000000040000803FFFFFFFFF00000000FF00FF00FFFF8180803B, StartTime=2016.06.02-09.41.39, Duration=6059.021973, RunGuid=RunIDD406B1B14238A0773C125191AC4D960F
DDCTransactionId4D1FFB6C4D58902FA8F22BB7894F45D5_7, PutCachedData=, CacheKey=TEXTURE_814DCC3DC72143F49509781513CB9855_AutoDXT_D74401144B5091ED7F82D2BB3CFF4__1B77451C6170CFAB8083A9E662FC7F933BA0C5E4, StartTime=2016.06.02-09.41.45, HierarchicalDDC=, DataSize=1048841, Duration=62.291119, RunGuid=RunIDD406B1B14238A0773C125191AC4D960F
DDCTransactionId9412E4E74F5D99FC0517C6A6A1F78EA8_4, PutCachedData=, CacheKey=TEXTURE_814DCC3DC72143F49509781513CB9855_AutoDXT_D74401144B5091ED7F82D2BB3CFF4__3D1BC3CEBFEDE70D4811080BA48408D9FF7DBC8A, StartTime=2016.06.02-09.41.45, HierarchicalDDC=, DataSize=65799, Duration=50.783691, RunGuid=RunIDD406B1B14238A0773C125191AC4D960F
DDCTransactionId76764D7A43AB03A8CD4928BAF386301C_10, PutCachedData=, CacheKey=TEXTURE_814DCC3DC72143F49509781513CB9855_AutoDXT_D74401144B5091ED7F82D2BB3CFF4__BFCF1F67B7BCC6DB873E568A05B3FB49C7D30032, StartTime=2016.06.02-09.41.45, HierarchicalDDC=, DataSize=262407, Duration=16.526335, RunGuid=RunIDD406B1B14238A0773C125191AC4D960F
DDCTransactionId76764D7A43AB03A8CD4928BAF386301C_11, PutCachedData=, CacheKey=TEXTURE_814DCC3DC72143F49509781513CB9855_AutoDXT_D74401144B5091ED7F82D2BB3CFF4__FAB0E7A222D3F2B03FBBA769C950ADF91F084AD3, StartTime=2016.06.02-09.41.45, HierarchicalDDC=, DataSize=16647, Duration=16.911861, RunGuid=RunIDD406B1B14238A0773C125191AC4D960F
DDCTransactionId76764D7A43AB03A8CD4928BAF386301C_12, PutCachedData=, CacheKey=TEXTURE_814DCC3DC72143F49509781513CB9855_AutoDXT_D74401144B5091ED7F82D2BB3CFF4__3AFE91C9BD533C439832000BD578B920BB2B2B03, StartTime=2016.06.02-09.41.45, HierarchicalDDC=, DataSize=7196, Duration=128.908997, RunGuid=RunIDD406B1B14238A0773C125191AC4D960F
DDCTransactionId60DD0E3849C868114272DE8D14825AF8_5, BuildTexture=, CacheKey=TEXTURE_814DCC3DC72143F49509781513CB9855_AutoDXT_1EE85DDD49D8F18DA2A37D88C55EFEBA_07_0000803F0000803F0000803F000000000000803F00000000000000000000803F0000000000000000020000000E000000000000000101000000040000803FFFFFFFFF00000000FF00FF00FFFF8180803B, StartTime=2016.06.02-09.41.46, Duration=1526.984253, RunGuid=RunIDD406B1B14238A0773C125191AC4D960F
DDCTransactionId4D1FFB6C4D58902FA8F22BB7894F45D5_8, PutCachedData=, CacheKey=TEXTURE_814DCC3DC72143F49509781513CB9855_AutoDXT_1EE85DDD49D8F18DA2A37D88C55EF__203167103CDD8440286661B051763C58239F4B9E, StartTime=2016.06.02-09.41.47, HierarchicalDDC=, DataSize=262407, Duration=15.491634, RunGuid=RunIDD406B1B14238A0773C125191AC4D960F
DDCTransactionId76764D7A43AB03A8CD4928BAF386301C_13, PutCachedData=, CacheKey=TEXTURE_814DCC3DC72143F49509781513CB9855_AutoDXT_1EE85DDD49D8F18DA2A37D88C55EF__690EA4DF7C07E75BF7DF29C0BE712F48A8645F01, StartTime=2016.06.02-09.41.47, HierarchicalDDC=, DataSize=65799, Duration=14.388618, RunGuid=RunIDD406B1B14238A0773C125191AC4D960F
DDCTransactionId76764D7A43AB03A8CD4928BAF386301C_14, PutCachedData=, CacheKey=TEXTURE_814DCC3DC72143F49509781513CB9855_AutoDXT_1EE85DDD49D8F18DA2A37D88C55EF__E972EC8FE2315384A5CC0B797DF79387A603E931, StartTime=2016.06.02-09.41.47, HierarchicalDDC=, DataSize=16647, Duration=14.390860, RunGuid=RunIDD406B1B14238A0773C125191AC4D960F
DDCTransactionId4D1FFB6C4D58902FA8F22BB7894F45D5_9, PutCachedData=, CacheKey=TEXTURE_814DCC3DC72143F49509781513CB9855_AutoDXT_1EE85DDD49D8F18DA2A37D88C55EF__996417B187942A6E616A4219CAA88B698512E6F6, StartTime=2016.06.02-09.41.47, HierarchicalDDC=, DataSize=7196, Duration=14.292072, RunGuid=RunIDD406B1B14238A0773C125191AC4D960F
DDCTransactionId9412E4E74F5D99FC0517C6A6A1F78EA8_5, PutCachedData=, CacheKey=TEXTURE_814DCC3DC72143F49509781513CB9855_AutoDXT_1EE85DDD49D8F18DA2A37D88C55EF__DD83F7FF4C25443BFAAE8703EBF1B948B20414EC, StartTime=2016.06.02-09.41.47, HierarchicalDDC=, DataSize=1048841, Duration=31.820070, RunGuid=RunIDD406B1B14238A0773C125191AC4D960F
DDCTransactionId60DD0E3849C868114272DE8D14825AF8_6, BuildTexture=, CacheKey=TEXTURE_814DCC3DC72143F49509781513CB9855_AutoDXT_C0892E6C4BBEBD59FC2E2C80B05CEEC1_07_0000803F0000803F0000803F000000000000803F00000000000000000000803F0000000000000000020000000E000000000000000101000000040000803FFFFFFFFF00000000FF00FF00FFFF8180803B, StartTime=2016.06.02-09.41.47, Duration=3749.818359, RunGuid=RunIDD406B1B14238A0773C125191AC4D960F
DDCTransactionId76764D7A43AB03A8CD4928BAF386301C_15, PutCachedData=, CacheKey=TEXTURE_814DCC3DC72143F49509781513CB9855_AutoDXT_C0892E6C4BBEBD59FC2E2C80B05CE__88F915FD35327428789FE553845A3BBC683F6F5F, StartTime=2016.06.02-09.41.51, HierarchicalDDC=, DataSize=1048841, Duration=50.388226, RunGuid=RunIDD406B1B14238A0773C125191AC4D960F
DDCTransactionId4D1FFB6C4D58902FA8F22BB7894F45D5_10, PutCachedData=, CacheKey=TEXTURE_814DCC3DC72143F49509781513CB9855_AutoDXT_C0892E6C4BBEBD59FC2E2C80B05CE__9881E8422A612E00911412239611AF5DACA4A10A, StartTime=2016.06.02-09.41.51, HierarchicalDDC=, DataSize=262407, Duration=19.101854, RunGuid=RunIDD406B1B14238A0773C125191AC4D960F
DDCTransactionId9412E4E74F5D99FC0517C6A6A1F78EA8_6, PutCachedData=, CacheKey=TEXTURE_814DCC3DC72143F49509781513CB9855_AutoDXT_C0892E6C4BBEBD59FC2E2C80B05CE__2C98687FC2624D6ABAA0C57F38CBF5B6F1DC9063, StartTime=2016.06.02-09.41.51, HierarchicalDDC=, DataSize=65799, Duration=198.525757, RunGuid=RunIDD406B1B14238A0773C125191AC4D960F
DDCTransactionId4D1FFB6C4D58902FA8F22BB7894F45D5_11, PutCachedData=, CacheKey=TEXTURE_814DCC3DC72143F49509781513CB9855_AutoDXT_C0892E6C4BBEBD59FC2E2C80B05CE__032B6060E175125C769339191C336EEACEAE0695, StartTime=2016.06.02-09.41.51, HierarchicalDDC=, DataSize=16647, Duration=16.065113, RunGuid=RunIDD406B1B14238A0773C125191AC4D960F
DDCTransactionId4D1FFB6C4D58902FA8F22BB7894F45D5_12, PutCachedData=, CacheKey=TEXTURE_814DCC3DC72143F49509781513CB9855_AutoDXT_C0892E6C4BBEBD59FC2E2C80B05CE__B73A2339C92A0AABD8B59E601030E0C8C07CF2AE, StartTime=2016.06.02-09.41.51, HierarchicalDDC=, DataSize=7196, Duration=21.328739, RunGuid=RunIDD406B1B14238A0773C125191AC4D960F
DDCTransactionId60DD0E3849C868114272DE8D14825AF8_7, BuildTexture=, CacheKey=TEXTURE_814DCC3DC72143F49509781513CB9855_AutoDXT_1711404B450AB64801ECBE807C9EDAC2_07_0000803F0000803F0000803F000000000000803F00000000000000000000803F0000000000000000020000000E000000000000000101000000040000803FFFFFFFFF00000000FF00FF00FFFF8180803B, StartTime=2016.06.02-09.41.51, Duration=3044.423828, RunGuid=RunIDD406B1B14238A0773C125191AC4D960F
DDCTransactionId76764D7A43AB03A8CD4928BAF386301C_16, PutCachedData=, CacheKey=TEXTURE_814DCC3DC72143F49509781513CB9855_AutoDXT_1711404B450AB64801ECBE807C9ED__F19FCFEBFB65B5408A11F7EFE270F2614E56D1BA, StartTime=2016.06.02-09.41.54, HierarchicalDDC=, DataSize=1048841, Duration=18.823776, RunGuid=RunIDD406B1B14238A0773C125191AC4D960F
DDCTransactionId4D1FFB6C4D58902FA8F22BB7894F45D5_13, PutCachedData=, CacheKey=TEXTURE_814DCC3DC72143F49509781513CB9855_AutoDXT_1711404B450AB64801ECBE807C9ED__6813D5291857BEC59EA652A3CE2C873A9A3A72DA, StartTime=2016.06.02-09.41.54, HierarchicalDDC=, DataSize=262407, Duration=25.794693, RunGuid=RunIDD406B1B14238A0773C125191AC4D960F
DDCTransactionId9412E4E74F5D99FC0517C6A6A1F78EA8_7, PutCachedData=, CacheKey=TEXTURE_814DCC3DC72143F49509781513CB9855_AutoDXT_1711404B450AB64801ECBE807C9ED__23F4D94C10D555E9930093B2F4A90A4F9314742F, StartTime=2016.06.02-09.41.54, HierarchicalDDC=, DataSize=65799, Duration=680.922058, RunGuid=RunIDD406B1B14238A0773C125191AC4D960F
DDCTransactionId76764D7A43AB03A8CD4928BAF386301C_17, PutCachedData=, CacheKey=TEXTURE_814DCC3DC72143F49509781513CB9855_AutoDXT_1711404B450AB64801ECBE807C9ED__E919F5A1B75C99C59A2E759A7A33B90881695EFC, StartTime=2016.06.02-09.41.54, HierarchicalDDC=, DataSize=16647, Duration=23.359009, RunGuid=RunIDD406B1B14238A0773C125191AC4D960F
DDCTransactionId4D1FFB6C4D58902FA8F22BB7894F45D5_14, PutCachedData=, CacheKey=TEXTURE_814DCC3DC72143F49509781513CB9855_AutoDXT_1711404B450AB64801ECBE807C9ED__D631C518C086868F40D899735BC02318603286B7, StartTime=2016.06.02-09.41.54, HierarchicalDDC=, DataSize=7196, Duration=21.002871, RunGuid=RunIDD406B1B14238A0773C125191AC4D960F
DDCTransactionId60DD0E3849C868114272DE8D14825AF8_8, BuildTexture=, CacheKey=TEXTURE_814DCC3DC72143F49509781513CB9855_AutoDXT_B0BC7DF24EEC4489CFC1959D047245AA_07_0000803F0000803F0000803F000000000000803F00000000000000000000803F0000000000000000020000000E000000000000000101000000040000803FFFFFFFFF00000000FF00FF00FFFF8180803B, StartTime=2016.06.02-09.41.54, Duration=1.635123, RunGuid=RunIDD406B1B14238A0773C125191AC4D960F
DDCTransactionId76764D7A43AB03A8CD4928BAF386301C_18, PutCachedData=, CacheKey=TEXTURE_814DCC3DC72143F49509781513CB9855_AutoDXT_B0BC7DF24EEC4489CFC1959D04724__42899F49DDA1BB0C5730AB53D72EAE590BD4268D, StartTime=2016.06.02-09.41.54, HierarchicalDDC=, DataSize=6014, Duration=14.896985, RunGuid=RunIDD406B1B14238A0773C125191AC4D960F
DDCTransactionId60DD0E3849C868114272DE8D14825AF8_9, BuildTexture=, CacheKey=TEXTURE_814DCC3DC72143F49509781513CB9855_DXT1_587898FA4E1834605DA324AA36E59A81_07_0000803F0000803F0000803F000000000000803F00000000000000000000803F0000000000000000020000000E000000000000000101000000040000803FFFFFFFFF00000000FF00FF00FFFF8180803B, StartTime=2016.06.02-09.41.56, Duration=4009.087402, RunGuid=RunIDD406B1B14238A0773C125191AC4D960F
DDCTransactionId4D1FFB6C4D58902FA8F22BB7894F45D5_15, PutCachedData=, CacheKey=TEXTURE_814DCC3DC72143F49509781513CB9855_DXT1_587898FA4E1834605DA324AA36E59A81__F25901A9EAA9FFB40CE6D127A40033DA2FB6328A, StartTime=2016.06.02-09.42.00, HierarchicalDDC=, DataSize=2097414, Duration=39.956226, RunGuid=RunIDD406B1B14238A0773C125191AC4D960F
DDCTransactionId76764D7A43AB03A8CD4928BAF386301C_19, PutCachedData=, CacheKey=TEXTURE_814DCC3DC72143F49509781513CB9855_DXT1_587898FA4E1834605DA324AA36E59A81__CDD5FC620B017839F30734B099190C8C253669BE, StartTime=2016.06.02-09.42.00, HierarchicalDDC=, DataSize=524550, Duration=26.112865, RunGuid=RunIDD406B1B14238A0773C125191AC4D960F
DDCTransactionId9412E4E74F5D99FC0517C6A6A1F78EA8_8, PutCachedData=, CacheKey=TEXTURE_814DCC3DC72143F49509781513CB9855_DXT1_587898FA4E1834605DA324AA36E59A81__BAF22D75F47D8B94A92BEFA84655650137F76638, StartTime=2016.06.02-09.42.00, HierarchicalDDC=, DataSize=131332, Duration=25.223137, RunGuid=RunIDD406B1B14238A0773C125191AC4D960F
DDCTransactionId9412E4E74F5D99FC0517C6A6A1F78EA8_9, PutCachedData=, CacheKey=TEXTURE_814DCC3DC72143F49509781513CB9855_DXT1_587898FA4E1834605DA324AA36E59A81__9B54DA29C92FA2A0E55C026012935B6D87B5F411, StartTime=2016.06.02-09.42.00, HierarchicalDDC=, DataSize=33028, Duration=35.863613, RunGuid=RunIDD406B1B14238A0773C125191AC4D960F
DDCTransactionId76764D7A43AB03A8CD4928BAF386301C_20, PutCachedData=, CacheKey=TEXTURE_814DCC3DC72143F49509781513CB9855_DXT1_587898FA4E1834605DA324AA36E59A81__E92CCCFF0C99EDA08DC5E16B05FBFAF650737415, StartTime=2016.06.02-09.42.00, HierarchicalDDC=, DataSize=8452, Duration=15.558667, RunGuid=RunIDD406B1B14238A0773C125191AC4D960F
DDCTransactionId4D1FFB6C4D58902FA8F22BB7894F45D5_16, PutCachedData=, CacheKey=TEXTURE_814DCC3DC72143F49509781513CB9855_DXT1_587898FA4E1834605DA324AA36E59A81__667140648AEC451A70146699EB934DC9190CB536, StartTime=2016.06.02-09.42.00, HierarchicalDDC=, DataSize=4731, Duration=23.726255, RunGuid=RunIDD406B1B14238A0773C125191AC4D960F
DDCTransactionId60DD0E3849C868114272DE8D14825AF8_10, BuildTexture=, CacheKey=TEXTURE_814DCC3DC72143F49509781513CB9855_DXT1_4882B70641243ADACBDD169B3173BF7F_07_0000803F0000803F0000803F000000000000803F00000000000000000000803F0000000000000000020000000E000000000000000101000000040000803FFFFFFFFF00000000FF00FF00FFFF8180803B, StartTime=2016.06.02-09.42.00, Duration=994.299194, RunGuid=RunIDD406B1B14238A0773C125191AC4D960F
DDCTransactionId76764D7A43AB03A8CD4928BAF386301C_21, PutCachedData=, CacheKey=TEXTURE_814DCC3DC72143F49509781513CB9855_DXT1_4882B70641243ADACBDD169B3173BF7F__04321212959A46C4341D7A7F81678E60A81A3E21, StartTime=2016.06.02-09.42.01, HierarchicalDDC=, DataSize=524550, Duration=71.249962, RunGuid=RunIDD406B1B14238A0773C125191AC4D960F
DDCTransactionId4D1FFB6C4D58902FA8F22BB7894F45D5_17, PutCachedData=, CacheKey=TEXTURE_814DCC3DC72143F49509781513CB9855_DXT1_4882B70641243ADACBDD169B3173BF7F__2C534D492355242135CD71D7491AA21DBA81AF0A, StartTime=2016.06.02-09.42.01, HierarchicalDDC=, DataSize=131332, Duration=46.213177, RunGuid=RunIDD406B1B14238A0773C125191AC4D960F
DDCTransactionId9412E4E74F5D99FC0517C6A6A1F78EA8_10, PutCachedData=, CacheKey=TEXTURE_814DCC3DC72143F49509781513CB9855_DXT1_4882B70641243ADACBDD169B3173BF7F__EC6516BB69380CF32A58326ADAA09D96384814D7, StartTime=2016.06.02-09.42.01, HierarchicalDDC=, DataSize=33028, Duration=50.471935, RunGuid=RunIDD406B1B14238A0773C125191AC4D960F
DDCTransactionId4D1FFB6C4D58902FA8F22BB7894F45D5_18, PutCachedData=, CacheKey=TEXTURE_814DCC3DC72143F49509781513CB9855_DXT1_4882B70641243ADACBDD169B3173BF7F__D2D82F4B5266F884A448DDD6318A33F0B9DD2928, StartTime=2016.06.02-09.42.01, HierarchicalDDC=, DataSize=8452, Duration=20.201988, RunGuid=RunIDD406B1B14238A0773C125191AC4D960F
DDCTransactionId9412E4E74F5D99FC0517C6A6A1F78EA8_11, PutCachedData=, CacheKey=TEXTURE_814DCC3DC72143F49509781513CB9855_DXT1_4882B70641243ADACBDD169B3173BF7F__A356D59841849E93065D0B753C2718BD7DAF6AE8, StartTime=2016.06.02-09.42.01, HierarchicalDDC=, DataSize=4437, Duration=31.424280, RunGuid=RunIDD406B1B14238A0773C125191AC4D960F
DDCTransactionId60DD0E3849C868114272DE8D14825AF8_11, BuildTexture=, CacheKey=TEXTURE_814DCC3DC72143F49509781513CB9855_DXT1_00C45E8940BBF27205A715BD5272AF07_07_0000803F0000803F0000803F000000000000803F00000000000000000000803F0000000000000000020000000E000000000000000101000000040000803FFFFFFFFF00000000FF00FF00FFFF8180803B, StartTime=2016.06.02-09.42.01, Duration=1067.269653, RunGuid=RunIDD406B1B14238A0773C125191AC4D960F
DDCTransactionId4D1FFB6C4D58902FA8F22BB7894F45D5_19, PutCachedData=, CacheKey=TEXTURE_814DCC3DC72143F49509781513CB9855_DXT1_00C45E8940BBF27205A715BD5272AF07__769142AB6C3278D404D2C11DD026C78D2B53D23B, StartTime=2016.06.02-09.42.02, HierarchicalDDC=, DataSize=524550, Duration=45.897888, RunGuid=RunIDD406B1B14238A0773C125191AC4D960F
DDCTransactionId76764D7A43AB03A8CD4928BAF386301C_22, PutCachedData=, CacheKey=TEXTURE_814DCC3DC72143F49509781513CB9855_DXT1_00C45E8940BBF27205A715BD5272AF07__205611FA9AFD5872BDF7DAF36FCFC7F0044E0B16, StartTime=2016.06.02-09.42.02, HierarchicalDDC=, DataSize=131332, Duration=16.288023, RunGuid=RunIDD406B1B14238A0773C125191AC4D960F
DDCTransactionId9412E4E74F5D99FC0517C6A6A1F78EA8_12, PutCachedData=, CacheKey=TEXTURE_814DCC3DC72143F49509781513CB9855_DXT1_00C45E8940BBF27205A715BD5272AF07__90E57854DA3EF0D8E976CC31168058F211C72835, StartTime=2016.06.02-09.42.02, HierarchicalDDC=, DataSize=33028, Duration=1122.523804, RunGuid=RunIDD406B1B14238A0773C125191AC4D960F
DDCTransactionId76764D7A43AB03A8CD4928BAF386301C_23, PutCachedData=, CacheKey=TEXTURE_814DCC3DC72143F49509781513CB9855_DXT1_00C45E8940BBF27205A715BD5272AF07__5EC6D766705B7CFA81DAA7F6B18810ABF08AB3A9, StartTime=2016.06.02-09.42.02, HierarchicalDDC=, DataSize=8452, Duration=16.502600, RunGuid=RunIDD406B1B14238A0773C125191AC4D960F
DDCTransactionId76764D7A43AB03A8CD4928BAF386301C_24, PutCachedData=, CacheKey=TEXTURE_814DCC3DC72143F49509781513CB9855_DXT1_00C45E8940BBF27205A715BD5272AF07__80FEC38A62BB52154F9332E139BB862411420254, StartTime=2016.06.02-09.42.02, HierarchicalDDC=, DataSize=4437, Duration=36.249462, RunGuid=RunIDD406B1B14238A0773C125191AC4D960F
DDCTransactionId60DD0E3849C868114272DE8D14825AF8_12, BuildTexture=, CacheKey=TEXTURE_814DCC3DC72143F49509781513CB9855_DXT1_0303A05E4B41E4D821B15BB280B6DA07_07_0000803F0000803F0000803F000000000000803F00000000000000000000803F0000000000000000020000000E000000000000000101000000040000803FFFFFFFFF00000000FF00FF00FFFF8180803B, StartTime=2016.06.02-09.42.02, Duration=1495.069336, RunGuid=RunIDD406B1B14238A0773C125191AC4D960F
DDCTransactionId4D1FFB6C4D58902FA8F22BB7894F45D5_20, PutCachedData=, CacheKey=TEXTURE_814DCC3DC72143F49509781513CB9855_DXT1_0303A05E4B41E4D821B15BB280B6DA07__0A019E5FAFDCA09617D12CD212DEF9FA5C353296, StartTime=2016.06.02-09.42.03, HierarchicalDDC=, DataSize=524550, Duration=23.617205, RunGuid=RunIDD406B1B14238A0773C125191AC4D960F
DDCTransactionId76764D7A43AB03A8CD4928BAF386301C_25, PutCachedData=, CacheKey=TEXTURE_814DCC3DC72143F49509781513CB9855_DXT1_0303A05E4B41E4D821B15BB280B6DA07__912F446CB13862A89C0DA77FF3C0B30B27BF82BC, StartTime=2016.06.02-09.42.03, HierarchicalDDC=, DataSize=131332, Duration=25.301077, RunGuid=RunIDD406B1B14238A0773C125191AC4D960F
DDCTransactionId9412E4E74F5D99FC0517C6A6A1F78EA8_13, PutCachedData=, CacheKey=TEXTURE_814DCC3DC72143F49509781513CB9855_DXT1_0303A05E4B41E4D821B15BB280B6DA07__D0121FC1535B22F8080934D11BE24AB5A2F3476B, StartTime=2016.06.02-09.42.03, HierarchicalDDC=, DataSize=33028, Duration=98.201241, RunGuid=RunIDD406B1B14238A0773C125191AC4D960F
DDCTransactionId4D1FFB6C4D58902FA8F22BB7894F45D5_21, PutCachedData=, CacheKey=TEXTURE_814DCC3DC72143F49509781513CB9855_DXT1_0303A05E4B41E4D821B15BB280B6DA07__A8E350FA0D2BD680279FE9F726B9287687CEC2A3, StartTime=2016.06.02-09.42.03, HierarchicalDDC=, DataSize=8452, Duration=27.484339, RunGuid=RunIDD406B1B14238A0773C125191AC4D960F
DDCTransactionId76764D7A43AB03A8CD4928BAF386301C_26, PutCachedData=, CacheKey=TEXTURE_814DCC3DC72143F49509781513CB9855_DXT1_0303A05E4B41E4D821B15BB280B6DA07__10365A6F6ABB4C14BC16C2E58AC8F338F1EF836F, StartTime=2016.06.02-09.42.03, HierarchicalDDC=, DataSize=4437, Duration=24.688467, RunGuid=RunIDD406B1B14238A0773C125191AC4D960F
DDCTransactionId60DD0E3849C868114272DE8D14825AF8_13, BuildTexture=, CacheKey=TEXTURE_814DCC3DC72143F49509781513CB9855_DXT1_30C082D040418AFC9E49DF81B64331EA_07_0000803F0000803F0000803F000000000000803F00000000000000000000803F0000000000000000020000000E000000000000000101000000040000803FFFFFFFFF00000000FF00FF00FFFF8180803B, StartTime=2016.06.02-09.42.03, Duration=1565.404541, RunGuid=RunIDD406B1B14238A0773C125191AC4D960F
DDCTransactionId76764D7A43AB03A8CD4928BAF386301C_27, PutCachedData=, CacheKey=TEXTURE_814DCC3DC72143F49509781513CB9855_DXT1_30C082D040418AFC9E49DF81B64331EA__AD8A3D6CB8B9444A04F0D305AF1DD42A521FF260, StartTime=2016.06.02-09.42.05, HierarchicalDDC=, DataSize=524550, Duration=27.034666, RunGuid=RunIDD406B1B14238A0773C125191AC4D960F
DDCTransactionId4D1FFB6C4D58902FA8F22BB7894F45D5_22, PutCachedData=, CacheKey=TEXTURE_814DCC3DC72143F49509781513CB9855_DXT1_30C082D040418AFC9E49DF81B64331EA__685BFD340BEE1EB4FB7807D0582CDE17D102539C, StartTime=2016.06.02-09.42.05, HierarchicalDDC=, DataSize=131332, Duration=35.638454, RunGuid=RunIDD406B1B14238A0773C125191AC4D960F
DDCTransactionId9412E4E74F5D99FC0517C6A6A1F78EA8_14, PutCachedData=, CacheKey=TEXTURE_814DCC3DC72143F49509781513CB9855_DXT1_30C082D040418AFC9E49DF81B64331EA__D07D12076D63428948C7392C4EAA680ACB5F2FE5, StartTime=2016.06.02-09.42.05, HierarchicalDDC=, DataSize=33028, Duration=17.627747, RunGuid=RunIDD406B1B14238A0773C125191AC4D960F
DDCTransactionId9412E4E74F5D99FC0517C6A6A1F78EA8_15, PutCachedData=, CacheKey=TEXTURE_814DCC3DC72143F49509781513CB9855_DXT1_30C082D040418AFC9E49DF81B64331EA__C1EC644281BECA5F16D63929ADD65D4754B1BBDF, StartTime=2016.06.02-09.42.05, HierarchicalDDC=, DataSize=8452, Duration=25.001827, RunGuid=RunIDD406B1B14238A0773C125191AC4D960F
DDCTransactionId76764D7A43AB03A8CD4928BAF386301C_28, PutCachedData=, CacheKey=TEXTURE_814DCC3DC72143F49509781513CB9855_DXT1_30C082D040418AFC9E49DF81B64331EA__E5B406EC510F39C681EA1EA14F2DF60539A69418, StartTime=2016.06.02-09.42.05, HierarchicalDDC=, DataSize=4437, Duration=18.111740, RunGuid=RunIDD406B1B14238A0773C125191AC4D960F
DDCTransactionId60DD0E3849C868114272DE8D14825AF8_14, BuildTexture=, CacheKey=TEXTURE_814DCC3DC72143F49509781513CB9855_DXT1_02006C984659220738AFF29DEE43FC9D_07_0000803F0000803F0000803F000000000000803F00000000000000000000803F0000000000000000020000000E000000000000000101000000040000803FFFFFFFFF00000000FF00FF00FFFF8180803B, StartTime=2016.06.02-09.42.05, Duration=496.859650, RunGuid=RunIDD406B1B14238A0773C125191AC4D960F
DDCTransactionId4D1FFB6C4D58902FA8F22BB7894F45D5_23, PutCachedData=, CacheKey=TEXTURE_814DCC3DC72143F49509781513CB9855_DXT1_02006C984659220738AFF29DEE43FC9D__DBECEA2E1A4280C619563F235FAB9D78B3C94AEA, StartTime=2016.06.02-09.42.05, HierarchicalDDC=, DataSize=524550, Duration=47.722893, RunGuid=RunIDD406B1B14238A0773C125191AC4D960F
DDCTransactionId9412E4E74F5D99FC0517C6A6A1F78EA8_16, PutCachedData=, CacheKey=TEXTURE_814DCC3DC72143F49509781513CB9855_DXT1_02006C984659220738AFF29DEE43FC9D__25BD7D6E3E35C805D78E6093BB767A463F98B566, StartTime=2016.06.02-09.42.05, HierarchicalDDC=, DataSize=131332, Duration=45.946968, RunGuid=RunIDD406B1B14238A0773C125191AC4D960F
DDCTransactionId76764D7A43AB03A8CD4928BAF386301C_29, PutCachedData=, CacheKey=TEXTURE_814DCC3DC72143F49509781513CB9855_DXT1_02006C984659220738AFF29DEE43FC9D__DC3AC39B4AE0D51ADF587C54FBA10BA1EE1C1536, StartTime=2016.06.02-09.42.05, HierarchicalDDC=, DataSize=33028, Duration=17.519020, RunGuid=RunIDD406B1B14238A0773C125191AC4D960F
DDCTransactionId76764D7A43AB03A8CD4928BAF386301C_30, PutCachedData=, CacheKey=TEXTURE_814DCC3DC72143F49509781513CB9855_DXT1_02006C984659220738AFF29DEE43FC9D__33AF6B9847A40B3AB124EDF4F7F61AC9299B18E0, StartTime=2016.06.02-09.42.06, HierarchicalDDC=, DataSize=8452, Duration=56.309361, RunGuid=RunIDD406B1B14238A0773C125191AC4D960F
DDCTransactionId9412E4E74F5D99FC0517C6A6A1F78EA8_17, PutCachedData=, CacheKey=TEXTURE_814DCC3DC72143F49509781513CB9855_DXT1_02006C984659220738AFF29DEE43FC9D__48A735B4490B6FA5E2C777889968A74872F74F28, StartTime=2016.06.02-09.42.06, HierarchicalDDC=, DataSize=4437, Duration=14.841497, RunGuid=RunIDD406B1B14238A0773C125191AC4D960F
DDCTransactionId60DD0E3849C868114272DE8D14825AF8_15, BuildTexture=, CacheKey=TEXTURE_814DCC3DC72143F49509781513CB9855_DXT1_F08658844909FD54D9D710BF998B5DA5_07_0000803F0000803F0000803F000000000000803F00000000000000000000803F0000000000000000020000000E000000000000000101000000040000803FFFFFFFFF00000000FF00FF00FFFF8180803B, StartTime=2016.06.02-09.42.06, Duration=887.987793, RunGuid=RunIDD406B1B14238A0773C125191AC4D960F
DDCTransactionId4D1FFB6C4D58902FA8F22BB7894F45D5_24, PutCachedData=, CacheKey=TEXTURE_814DCC3DC72143F49509781513CB9855_DXT1_F08658844909FD54D9D710BF998B5DA5__DE1EEBF488A857BFCB1521E3D386228A5534F955, StartTime=2016.06.02-09.42.06, HierarchicalDDC=, DataSize=524550, Duration=34.518116, RunGuid=RunIDD406B1B14238A0773C125191AC4D960F
DDCTransactionId76764D7A43AB03A8CD4928BAF386301C_31, PutCachedData=, CacheKey=TEXTURE_814DCC3DC72143F49509781513CB9855_DXT1_F08658844909FD54D9D710BF998B5DA5__9E3623EA7E3BD2499DD1BBC28AED67D69BEBD79C, StartTime=2016.06.02-09.42.06, HierarchicalDDC=, DataSize=33028, Duration=43.651447, RunGuid=RunIDD406B1B14238A0773C125191AC4D960F
DDCTransactionId9412E4E74F5D99FC0517C6A6A1F78EA8_18, PutCachedData=, CacheKey=TEXTURE_814DCC3DC72143F49509781513CB9855_DXT1_F08658844909FD54D9D710BF998B5DA5__CB9C16E41071E95A8D7173756225476C1620E428, StartTime=2016.06.02-09.42.06, HierarchicalDDC=, DataSize=131332, Duration=119.774696, RunGuid=RunIDD406B1B14238A0773C125191AC4D960F
DDCTransactionId4D1FFB6C4D58902FA8F22BB7894F45D5_25, PutCachedData=, CacheKey=TEXTURE_814DCC3DC72143F49509781513CB9855_DXT1_F08658844909FD54D9D710BF998B5DA5__F2B4A720D66FB2909A99E8A5E81583CA259E7B74, StartTime=2016.06.02-09.42.06, HierarchicalDDC=, DataSize=8452, Duration=108.741646, RunGuid=RunIDD406B1B14238A0773C125191AC4D960F
DDCTransactionId76764D7A43AB03A8CD4928BAF386301C_32, PutCachedData=, CacheKey=TEXTURE_814DCC3DC72143F49509781513CB9855_DXT1_F08658844909FD54D9D710BF998B5DA5__DAEFFE883F57756DD309E7B44C484B3D1DBC6E73, StartTime=2016.06.02-09.42.06, HierarchicalDDC=, DataSize=4437, Duration=24.180099, RunGuid=RunIDD406B1B14238A0773C125191AC4D960F
DDCTransactionId60DD0E3849C868114272DE8D14825AF8_16, BuildTexture=, CacheKey=TEXTURE_814DCC3DC72143F49509781513CB9855_DXT1_4A8CDD354F5590D0BB1A30AFABCA199B_07_0000803F0000803F0000803F000000000000803F00000000000000000000803F0000000000000000020000000E000000000000000101000000040000803FFFFFFFFF00000000FF00FF00FFFF8180803B, StartTime=2016.06.02-09.42.07, Duration=847.630676, RunGuid=RunIDD406B1B14238A0773C125191AC4D960F
DDCTransactionId76764D7A43AB03A8CD4928BAF386301C_33, PutCachedData=, CacheKey=TEXTURE_814DCC3DC72143F49509781513CB9855_DXT1_4A8CDD354F5590D0BB1A30AFABCA199B__F7BD5B4331A02863195ECA94666B14422EF7CCD1, StartTime=2016.06.02-09.42.07, HierarchicalDDC=, DataSize=524550, Duration=23.022234, RunGuid=RunIDD406B1B14238A0773C125191AC4D960F
DDCTransactionId9412E4E74F5D99FC0517C6A6A1F78EA8_19, PutCachedData=, CacheKey=TEXTURE_814DCC3DC72143F49509781513CB9855_DXT1_4A8CDD354F5590D0BB1A30AFABCA199B__9038EA59B9FBBCDAE8B98CF8EC5F1D5CAA61B759, StartTime=2016.06.02-09.42.07, HierarchicalDDC=, DataSize=131332, Duration=75.193115, RunGuid=RunIDD406B1B14238A0773C125191AC4D960F
DDCTransactionId4D1FFB6C4D58902FA8F22BB7894F45D5_26, PutCachedData=, CacheKey=TEXTURE_814DCC3DC72143F49509781513CB9855_DXT1_4A8CDD354F5590D0BB1A30AFABCA199B__05110DA664B516ACE9AF7BC061D783B5FD4C1C5F, StartTime=2016.06.02-09.42.07, HierarchicalDDC=, DataSize=33028, Duration=24.165665, RunGuid=RunIDD406B1B14238A0773C125191AC4D960F
DDCTransactionId60DD0E3849C868114272DE8D14825AF8_17, BuildTexture=, CacheKey=TEXTURE_814DCC3DC72143F49509781513CB9855_DXT1_DD19EF414D8B383EE2E6C3B5CF4C4BB7_07_0000803F0000803F0000803F000000000000803F00000000000000000000803F0000000000000000020000000E000000000000000101000000040000803FFFFFFFFF00000000FF00FF00FFFF8180803B, StartTime=2016.06.02-09.42.07, Duration=34.154724, RunGuid=RunIDD406B1B14238A0773C125191AC4D960F
DDCTransactionId76764D7A43AB03A8CD4928BAF386301C_34, PutCachedData=, CacheKey=TEXTURE_814DCC3DC72143F49509781513CB9855_DXT1_4A8CDD354F5590D0BB1A30AFABCA199B__9BFD4D2FFE558E1DE357A2E2BEDDB8ADCAD409CE, StartTime=2016.06.02-09.42.07, HierarchicalDDC=, DataSize=8452, Duration=59.821438, RunGuid=RunIDD406B1B14238A0773C125191AC4D960F
DDCTransactionId4D1FFB6C4D58902FA8F22BB7894F45D5_27, PutCachedData=, CacheKey=TEXTURE_814DCC3DC72143F49509781513CB9855_DXT1_4A8CDD354F5590D0BB1A30AFABCA199B__E336915A184A5B05F7D09C7DF53952876DDCC94E, StartTime=2016.06.02-09.42.07, HierarchicalDDC=, DataSize=4437, Duration=71.454277, RunGuid=RunIDD406B1B14238A0773C125191AC4D960F
DDCTransactionId9412E4E74F5D99FC0517C6A6A1F78EA8_20, PutCachedData=, CacheKey=TEXTURE_814DCC3DC72143F49509781513CB9855_DXT1_DD19EF414D8B383EE2E6C3B5CF4C4BB7__14899FDAE8D6FDF1B6B0E59AD40ED427661DAC66, StartTime=2016.06.02-09.42.07, HierarchicalDDC=, DataSize=3267, Duration=13.285920, RunGuid=RunIDD406B1B14238A0773C125191AC4D960F
DDCTransactionId60DD0E3849C868114272DE8D14825AF8_18, BuildTexture=, CacheKey=TEXTURE_814DCC3DC72143F49509781513CB9855_AutoDXT_81AFF5534CDB2F3657F5A896C6EEDE45_07_0000803F0000803F0000803F000000000000803F00000000000000000000803F0000000000000000020000000E000000000000000101000000040000803FFFFFFFFF00000000FF00FF00FFFF8180803B, StartTime=2016.06.02-09.42.08, Duration=5954.001465, RunGuid=RunIDD406B1B14238A0773C125191AC4D960F
DDCTransactionId76764D7A43AB03A8CD4928BAF386301C_35, PutCachedData=, CacheKey=TEXTURE_814DCC3DC72143F49509781513CB9855_AutoDXT_81AFF5534CDB2F3657F5A896C6EED__1B28FE77FE06DF9CC8DDCFE27F0275B625E68B4D, StartTime=2016.06.02-09.42.13, HierarchicalDDC=, DataSize=2097417, Duration=56.133595, RunGuid=RunIDD406B1B14238A0773C125191AC4D960F
DDCTransactionId9412E4E74F5D99FC0517C6A6A1F78EA8_21, PutCachedData=, CacheKey=TEXTURE_814DCC3DC72143F49509781513CB9855_AutoDXT_81AFF5534CDB2F3657F5A896C6EED__0DC1BD15955342EB35D071E86BAB37A2404E5A9D, StartTime=2016.06.02-09.42.13, HierarchicalDDC=, DataSize=524552, Duration=48.429153, RunGuid=RunIDD406B1B14238A0773C125191AC4D960F
DDCTransactionId4D1FFB6C4D58902FA8F22BB7894F45D5_28, PutCachedData=, CacheKey=TEXTURE_814DCC3DC72143F49509781513CB9855_AutoDXT_81AFF5534CDB2F3657F5A896C6EED__8B63B840A8985062048CAD8E6965E2B54E614DA6, StartTime=2016.06.02-09.42.13, HierarchicalDDC=, DataSize=131335, Duration=26.470486, RunGuid=RunIDD406B1B14238A0773C125191AC4D960F
DDCTransactionId4D1FFB6C4D58902FA8F22BB7894F45D5_29, PutCachedData=, CacheKey=TEXTURE_814DCC3DC72143F49509781513CB9855_AutoDXT_81AFF5534CDB2F3657F5A896C6EED__E682251B86B523671C61D3504944AACD41021048, StartTime=2016.06.02-09.42.13, HierarchicalDDC=, DataSize=33031, Duration=24.335657, RunGuid=RunIDD406B1B14238A0773C125191AC4D960F
DDCTransactionId9412E4E74F5D99FC0517C6A6A1F78EA8_22, PutCachedData=, CacheKey=TEXTURE_814DCC3DC72143F49509781513CB9855_AutoDXT_81AFF5534CDB2F3657F5A896C6EED__7DB5C912CA9045CDDD3936AEAC59466BF243262A, StartTime=2016.06.02-09.42.14, HierarchicalDDC=, DataSize=8454, Duration=44.631618, RunGuid=RunIDD406B1B14238A0773C125191AC4D960F
DDCTransactionId4D1FFB6C4D58902FA8F22BB7894F45D5_30, PutCachedData=, CacheKey=TEXTURE_814DCC3DC72143F49509781513CB9855_AutoDXT_81AFF5534CDB2F3657F5A896C6EED__0928680F02808080CBAB5A0B9A3241237B219056, StartTime=2016.06.02-09.42.14, HierarchicalDDC=, DataSize=4771, Duration=23.026728, RunGuid=RunIDD406B1B14238A0773C125191AC4D960F
DDCTransactionId60DD0E3849C868114272DE8D14825AF8_19, BuildTexture=, CacheKey=TEXTURE_814DCC3DC72143F49509781513CB9855_AutoDXT_9D9AAE134C935C9D6584E9A713A39A34_07_0000803F0000803F0000803F000000000000803F00000000000000000000803F0000000000000000020000000E000000000000000101000000040000803FFFFFFFFF00000000FF00FF00FFFF8180803B, StartTime=2016.06.02-09.42.14, Duration=1121.218018, RunGuid=RunIDD406B1B14238A0773C125191AC4D960F
DDCTransactionId76764D7A43AB03A8CD4928BAF386301C_36, PutCachedData=, CacheKey=TEXTURE_814DCC3DC72143F49509781513CB9855_AutoDXT_9D9AAE134C935C9D6584E9A713A39__4207ED3703E1EBE6C797AA2875F129ACE98385E9, StartTime=2016.06.02-09.42.15, HierarchicalDDC=, DataSize=524552, Duration=15.732828, RunGuid=RunIDD406B1B14238A0773C125191AC4D960F
DDCTransactionId4D1FFB6C4D58902FA8F22BB7894F45D5_31, PutCachedData=, CacheKey=TEXTURE_814DCC3DC72143F49509781513CB9855_AutoDXT_9D9AAE134C935C9D6584E9A713A39__6CF26926C107617C259A29AB30987CFCE894F84B, StartTime=2016.06.02-09.42.15, HierarchicalDDC=, DataSize=131335, Duration=40.208004, RunGuid=RunIDD406B1B14238A0773C125191AC4D960F
DDCTransactionId9412E4E74F5D99FC0517C6A6A1F78EA8_23, PutCachedData=, CacheKey=TEXTURE_814DCC3DC72143F49509781513CB9855_AutoDXT_9D9AAE134C935C9D6584E9A713A39__58A73CDEB03D435D5652AF5E5AFEE72EAF13394D, StartTime=2016.06.02-09.42.15, HierarchicalDDC=, DataSize=33031, Duration=52.729607, RunGuid=RunIDD406B1B14238A0773C125191AC4D960F
DDCTransactionId76764D7A43AB03A8CD4928BAF386301C_37, PutCachedData=, CacheKey=TEXTURE_814DCC3DC72143F49509781513CB9855_AutoDXT_9D9AAE134C935C9D6584E9A713A39__3AB3ED39EE26FC1DCCC7932557B485B5E7FB3A64, StartTime=2016.06.02-09.42.15, HierarchicalDDC=, DataSize=8454, Duration=66.436333, RunGuid=RunIDD406B1B14238A0773C125191AC4D960F
DDCTransactionId4D1FFB6C4D58902FA8F22BB7894F45D5_32, PutCachedData=, CacheKey=TEXTURE_814DCC3DC72143F49509781513CB9855_AutoDXT_9D9AAE134C935C9D6584E9A713A39__96FB7066B7DDC2585491FF8621C8A7886D7FBD1C, StartTime=2016.06.02-09.42.15, HierarchicalDDC=, DataSize=4474, Duration=15.281871, RunGuid=RunIDD406B1B14238A0773C125191AC4D960F
DDCTransactionId60DD0E3849C868114272DE8D14825AF8_20, BuildTexture=, CacheKey=TEXTURE_814DCC3DC72143F49509781513CB9855_AutoDXT_71F033F84AB363F9C738F3A48A43F9CD_07_0000803F0000803F0000803F000000000000803F00000000000000000000803F0000000000000000020000000E000000000000000101000000040000803FFFFFFFFF00000000FF00FF00FFFF8180803B, StartTime=2016.06.02-09.42.15, Duration=2116.780518, RunGuid=RunIDD406B1B14238A0773C125191AC4D960F
DDCTransactionId4D1FFB6C4D58902FA8F22BB7894F45D5_33, PutCachedData=, CacheKey=TEXTURE_814DCC3DC72143F49509781513CB9855_AutoDXT_71F033F84AB363F9C738F3A48A43F__7767CE726D6AA074C898FFC643DD47669510E52B, StartTime=2016.06.02-09.42.17, HierarchicalDDC=, DataSize=524552, Duration=60.758957, RunGuid=RunIDD406B1B14238A0773C125191AC4D960F
DDCTransactionId9412E4E74F5D99FC0517C6A6A1F78EA8_24, PutCachedData=, CacheKey=TEXTURE_814DCC3DC72143F49509781513CB9855_AutoDXT_71F033F84AB363F9C738F3A48A43F__34BE9FBD9A6B117ACD915ED360CB18D850693946, StartTime=2016.06.02-09.42.17, HierarchicalDDC=, DataSize=131335, Duration=47.770683, RunGuid=RunIDD406B1B14238A0773C125191AC4D960F
DDCTransactionId76764D7A43AB03A8CD4928BAF386301C_38, PutCachedData=, CacheKey=TEXTURE_814DCC3DC72143F49509781513CB9855_AutoDXT_71F033F84AB363F9C738F3A48A43F__4B925D4AB8F170B1ECF8E7BCE60527528B41245C, StartTime=2016.06.02-09.42.17, HierarchicalDDC=, DataSize=33031, Duration=18.848471, RunGuid=RunIDD406B1B14238A0773C125191AC4D960F
DDCTransactionId76764D7A43AB03A8CD4928BAF386301C_39, PutCachedData=, CacheKey=TEXTURE_814DCC3DC72143F49509781513CB9855_AutoDXT_71F033F84AB363F9C738F3A48A43F__D3E4ADBD27D40AC9ABF9D3F07431C8C148554262, StartTime=2016.06.02-09.42.17, HierarchicalDDC=, DataSize=8454, Duration=21.350227, RunGuid=RunIDD406B1B14238A0773C125191AC4D960F
DDCTransactionId76764D7A43AB03A8CD4928BAF386301C_40, PutCachedData=, CacheKey=TEXTURE_814DCC3DC72143F49509781513CB9855_AutoDXT_71F033F84AB363F9C738F3A48A43F__7225B43F526B0DA4A860A1468DAF1584630A4382, StartTime=2016.06.02-09.42.17, HierarchicalDDC=, DataSize=4474, Duration=16.569633, RunGuid=RunIDD406B1B14238A0773C125191AC4D960F
DDCTransactionId60DD0E3849C868114272DE8D14825AF8_21, BuildTexture=, CacheKey=TEXTURE_814DCC3DC72143F49509781513CB9855_AutoDXT_E7765A024AF39E20DE13FA946490919C_07_0000803F0000803F0000803F000000000000803F00000000000000000000803F0000000000000000020000000E000000000000000101000000040000803FFFFFFFFF00000000FF00FF00FFFF8180803B, StartTime=2016.06.02-09.42.17, Duration=2250.171875, RunGuid=RunIDD406B1B14238A0773C125191AC4D960F
DDCTransactionId9412E4E74F5D99FC0517C6A6A1F78EA8_25, PutCachedData=, CacheKey=TEXTURE_814DCC3DC72143F49509781513CB9855_AutoDXT_E7765A024AF39E20DE13FA9464909__0D2B9B0411ECA7CE4D990046AF0BB29415FF4B5A, StartTime=2016.06.02-09.42.19, HierarchicalDDC=, DataSize=524552, Duration=142.420715, RunGuid=RunIDD406B1B14238A0773C125191AC4D960F
DDCTransactionId76764D7A43AB03A8CD4928BAF386301C_41, PutCachedData=, CacheKey=TEXTURE_814DCC3DC72143F49509781513CB9855_AutoDXT_E7765A024AF39E20DE13FA9464909__4C0ADCD17BFC943CD941A7D2B49B67C49BA9A614, StartTime=2016.06.02-09.42.19, HierarchicalDDC=, DataSize=131335, Duration=23.575830, RunGuid=RunIDD406B1B14238A0773C125191AC4D960F
DDCTransactionId4D1FFB6C4D58902FA8F22BB7894F45D5_34, PutCachedData=, CacheKey=TEXTURE_814DCC3DC72143F49509781513CB9855_AutoDXT_E7765A024AF39E20DE13FA9464909__EC27CF19644E743BA7F6F2132C2D34F7F93FCEDD, StartTime=2016.06.02-09.42.19, HierarchicalDDC=, DataSize=33031, Duration=14.771897, RunGuid=RunIDD406B1B14238A0773C125191AC4D960F
DDCTransactionId4D1FFB6C4D58902FA8F22BB7894F45D5_35, PutCachedData=, CacheKey=TEXTURE_814DCC3DC72143F49509781513CB9855_AutoDXT_E7765A024AF39E20DE13FA9464909__B4429C8DF6939B558C3DAB048C59CA596331A113, StartTime=2016.06.02-09.42.19, HierarchicalDDC=, DataSize=8454, Duration=30.159611, RunGuid=RunIDD406B1B14238A0773C125191AC4D960F
DDCTransactionId76764D7A43AB03A8CD4928BAF386301C_42, PutCachedData=, CacheKey=TEXTURE_814DCC3DC72143F49509781513CB9855_AutoDXT_E7765A024AF39E20DE13FA9464909__C8F0C0E407EFF511692C721DFBE55C4A03884A37, StartTime=2016.06.02-09.42.19, HierarchicalDDC=, DataSize=4474, Duration=25.970776, RunGuid=RunIDD406B1B14238A0773C125191AC4D960F
DDCTransactionId60DD0E3849C868114272DE8D14825AF8_22, BuildTexture=, CacheKey=TEXTURE_814DCC3DC72143F49509781513CB9855_AutoDXT_95DFDF49449452FF722EE1BF539BAD08_07_0000803F0000803F0000803F000000000000803F00000000000000000000803F0000000000000000020000000E000000000000000101000000040000803FFFFFFFFF00000000FF00FF00FFFF8180803B, StartTime=2016.06.02-09.42.19, Duration=1608.422241, RunGuid=RunIDD406B1B14238A0773C125191AC4D960F
DDCTransactionId4D1FFB6C4D58902FA8F22BB7894F45D5_36, PutCachedData=, CacheKey=TEXTURE_814DCC3DC72143F49509781513CB9855_AutoDXT_95DFDF49449452FF722EE1BF539BA__44D292173831B8FDD55611AC7A2C1B6E2AD223D2, StartTime=2016.06.02-09.42.21, HierarchicalDDC=, DataSize=524552, Duration=25.968529, RunGuid=RunIDD406B1B14238A0773C125191AC4D960F
DDCTransactionId76764D7A43AB03A8CD4928BAF386301C_43, PutCachedData=, CacheKey=TEXTURE_814DCC3DC72143F49509781513CB9855_AutoDXT_95DFDF49449452FF722EE1BF539BA__5C944F4616B9AAEFC576696C339756CEEA9A5A09, StartTime=2016.06.02-09.42.21, HierarchicalDDC=, DataSize=131335, Duration=14.945097, RunGuid=RunIDD406B1B14238A0773C125191AC4D960F
DDCTransactionId9412E4E74F5D99FC0517C6A6A1F78EA8_26, PutCachedData=, CacheKey=TEXTURE_814DCC3DC72143F49509781513CB9855_AutoDXT_95DFDF49449452FF722EE1BF539BA__C4B85B8B9AFE816C9A0A44330D81EF3428E6EAD8, StartTime=2016.06.02-09.42.21, HierarchicalDDC=, DataSize=33031, Duration=112.648865, RunGuid=RunIDD406B1B14238A0773C125191AC4D960F
DDCTransactionId76764D7A43AB03A8CD4928BAF386301C_44, PutCachedData=, CacheKey=TEXTURE_814DCC3DC72143F49509781513CB9855_AutoDXT_95DFDF49449452FF722EE1BF539BA__B133A5092C94CE56CB8B28DD08C3B2265FE77632, StartTime=2016.06.02-09.42.21, HierarchicalDDC=, DataSize=8454, Duration=154.682190, RunGuid=RunIDD406B1B14238A0773C125191AC4D960F
DDCTransactionId60DD0E3849C868114272DE8D14825AF8_23, BuildTexture=, CacheKey=TEXTURE_814DCC3DC72143F49509781513CB9855_AutoDXT_2F452868495C48B005A90BAE36C089BC_07_0000803F0000803F0000803F000000000000803F00000000000000000000803F0000000000000000020000000E000000000000000101000000040000803FFFFFFFFF00000000FF00FF00FFFF8180803B, StartTime=2016.06.02-09.42.21, Duration=453.884338, RunGuid=RunIDD406B1B14238A0773C125191AC4D960F
DDCTransactionId4D1FFB6C4D58902FA8F22BB7894F45D5_37, PutCachedData=, CacheKey=TEXTURE_814DCC3DC72143F49509781513CB9855_AutoDXT_95DFDF49449452FF722EE1BF539BA__780E0E2BE8A78C02691F8FC7ABE2B6DC52DEEED9, StartTime=2016.06.02-09.42.21, HierarchicalDDC=, DataSize=4474, Duration=22.553959, RunGuid=RunIDD406B1B14238A0773C125191AC4D960F
DDCTransactionId4D1FFB6C4D58902FA8F22BB7894F45D5_38, PutCachedData=, CacheKey=TEXTURE_814DCC3DC72143F49509781513CB9855_AutoDXT_2F452868495C48B005A90BAE36C08__1ABBE399B04C43565D4D1543B8E660C52CFEE0B1, StartTime=2016.06.02-09.42.21, HierarchicalDDC=, DataSize=524552, Duration=16.083714, RunGuid=RunIDD406B1B14238A0773C125191AC4D960F
DDCTransactionId9412E4E74F5D99FC0517C6A6A1F78EA8_27, PutCachedData=, CacheKey=TEXTURE_814DCC3DC72143F49509781513CB9855_AutoDXT_2F452868495C48B005A90BAE36C08__9EDF27413C8136A2F3008D7A7AB2F78C01813F4C, StartTime=2016.06.02-09.42.21, HierarchicalDDC=, DataSize=131335, Duration=51.136501, RunGuid=RunIDD406B1B14238A0773C125191AC4D960F
DDCTransactionId76764D7A43AB03A8CD4928BAF386301C_45, PutCachedData=, CacheKey=TEXTURE_814DCC3DC72143F49509781513CB9855_AutoDXT_2F452868495C48B005A90BAE36C08__FF4260AAD25AE28FC06E243891B4F7833EDF0ED9, StartTime=2016.06.02-09.42.21, HierarchicalDDC=, DataSize=33031, Duration=15.085258, RunGuid=RunIDD406B1B14238A0773C125191AC4D960F
DDCTransactionId76764D7A43AB03A8CD4928BAF386301C_46, PutCachedData=, CacheKey=TEXTURE_814DCC3DC72143F49509781513CB9855_AutoDXT_2F452868495C48B005A90BAE36C08__3E6ECCDC428223DB2B82207E2474DC8DD6E99B86, StartTime=2016.06.02-09.42.21, HierarchicalDDC=, DataSize=8454, Duration=47.598763, RunGuid=RunIDD406B1B14238A0773C125191AC4D960F
DDCTransactionId4D1FFB6C4D58902FA8F22BB7894F45D5_39, PutCachedData=, CacheKey=TEXTURE_814DCC3DC72143F49509781513CB9855_AutoDXT_2F452868495C48B005A90BAE36C08__D42383C4A479AEE5F16FFF27FDC06D214D0F5A8A, StartTime=2016.06.02-09.42.21, HierarchicalDDC=, DataSize=4474, Duration=45.741375, RunGuid=RunIDD406B1B14238A0773C125191AC4D960F
DDCTransactionId60DD0E3849C868114272DE8D14825AF8_24, BuildTexture=, CacheKey=TEXTURE_814DCC3DC72143F49509781513CB9855_AutoDXT_92608AAA4F644D0708DBAC90D683DA4B_07_0000803F0000803F0000803F000000000000803F00000000000000000000803F0000000000000000020000000E000000000000000101000000040000803FFFFFFFFF00000000FF00FF00FFFF8180803B, StartTime=2016.06.02-09.42.21, Duration=1105.467896, RunGuid=RunIDD406B1B14238A0773C125191AC4D960F
DDCTransactionId4D1FFB6C4D58902FA8F22BB7894F45D5_40, PutCachedData=, CacheKey=TEXTURE_814DCC3DC72143F49509781513CB9855_AutoDXT_92608AAA4F644D0708DBAC90D683D__B8B29A38D92067A9D692B2398789104EA84C8321, StartTime=2016.06.02-09.42.22, HierarchicalDDC=, DataSize=131335, Duration=14.699731, RunGuid=RunIDD406B1B14238A0773C125191AC4D960F
DDCTransactionId9412E4E74F5D99FC0517C6A6A1F78EA8_28, PutCachedData=, CacheKey=TEXTURE_814DCC3DC72143F49509781513CB9855_AutoDXT_92608AAA4F644D0708DBAC90D683D__67A628E608069F81744978FAE20A046D6D453AA5, StartTime=2016.06.02-09.42.22, HierarchicalDDC=, DataSize=524552, Duration=48.717175, RunGuid=RunIDD406B1B14238A0773C125191AC4D960F
DDCTransactionId76764D7A43AB03A8CD4928BAF386301C_47, PutCachedData=, CacheKey=TEXTURE_814DCC3DC72143F49509781513CB9855_AutoDXT_92608AAA4F644D0708DBAC90D683D__269CFE390D2F2E2DEBE8856F4BFDFDF8D908A9BC, StartTime=2016.06.02-09.42.22, HierarchicalDDC=, DataSize=33031, Duration=32.554878, RunGuid=RunIDD406B1B14238A0773C125191AC4D960F
DDCTransactionId4D1FFB6C4D58902FA8F22BB7894F45D5_41, PutCachedData=, CacheKey=TEXTURE_814DCC3DC72143F49509781513CB9855_AutoDXT_92608AAA4F644D0708DBAC90D683D__1D17ECFC5B2088AA2C14117AF3126EB4A4DD0B08, StartTime=2016.06.02-09.42.22, HierarchicalDDC=, DataSize=8454, Duration=23.879887, RunGuid=RunIDD406B1B14238A0773C125191AC4D960F
DDCTransactionId76764D7A43AB03A8CD4928BAF386301C_48, PutCachedData=, CacheKey=TEXTURE_814DCC3DC72143F49509781513CB9855_AutoDXT_92608AAA4F644D0708DBAC90D683D__53DA2323D10D94AD4E737FBA5EA73E2EC150018A, StartTime=2016.06.02-09.42.22, HierarchicalDDC=, DataSize=4474, Duration=20.647171, RunGuid=RunIDD406B1B14238A0773C125191AC4D960F
DDCTransactionId60DD0E3849C868114272DE8D14825AF8_25, BuildTexture=, CacheKey=TEXTURE_814DCC3DC72143F49509781513CB9855_AutoDXT_2962C7C54C85F04DB314BBB799E2508C_07_0000803F0000803F0000803F000000000000803F00000000000000000000803F0000000000000000020000000E000000000000000101000000040000803FFFFFFFFF00000000FF00FF00FFFF8180803B, StartTime=2016.06.02-09.42.22, Duration=1061.102783, RunGuid=RunIDD406B1B14238A0773C125191AC4D960F
DDCTransactionId4D1FFB6C4D58902FA8F22BB7894F45D5_42, PutCachedData=, CacheKey=TEXTURE_814DCC3DC72143F49509781513CB9855_AutoDXT_2962C7C54C85F04DB314BBB799E25__C00C34764A5EBC2B3E58BE37CB47EB2C220D8D2B, StartTime=2016.06.02-09.42.23, HierarchicalDDC=, DataSize=524552, Duration=107.873405, RunGuid=RunIDD406B1B14238A0773C125191AC4D960F
DDCTransactionId9412E4E74F5D99FC0517C6A6A1F78EA8_29, PutCachedData=, CacheKey=TEXTURE_814DCC3DC72143F49509781513CB9855_AutoDXT_2962C7C54C85F04DB314BBB799E25__C7F16F0443B5300F8D36C2B27B0AEF6BDCAB8D0C, StartTime=2016.06.02-09.42.23, HierarchicalDDC=, DataSize=131335, Duration=146.233322, RunGuid=RunIDD406B1B14238A0773C125191AC4D960F
DDCTransactionId76764D7A43AB03A8CD4928BAF386301C_49, PutCachedData=, CacheKey=TEXTURE_814DCC3DC72143F49509781513CB9855_AutoDXT_2962C7C54C85F04DB314BBB799E25__16937838B3E5D378E3AF159221E54E493036F3A7, StartTime=2016.06.02-09.42.23, HierarchicalDDC=, DataSize=33031, Duration=106.719391, RunGuid=RunIDD406B1B14238A0773C125191AC4D960F
DDCTransactionId60DD0E3849C868114272DE8D14825AF8_26, BuildTexture=, CacheKey=TEXTURE_814DCC3DC72143F49509781513CB9855_AutoDXT_4885B3924E414FB84068C385F4A98F66_07_0000803F0000803F0000803F000000000000803F00000000000000000000803F0000000000000000020000000E000000000000000101000000040000803FFFFFFFFF00000000FF00FF00FFFF8180803B, StartTime=2016.06.02-09.42.23, Duration=8.869040, RunGuid=RunIDD406B1B14238A0773C125191AC4D960F
DDCTransactionId60DD0E3849C868114272DE8D14825AF8_27, BuildTexture=, CacheKey=TEXTURE_814DCC3DC72143F49509781513CB9855_G8_2BA31BF34E3895680FEE82B0CB7CB671_07_0000803F0000803F0000803F000000000000803F00000000000000000000803F0000000000000000020000000E000000000000000101000000040000803FFFFFFFFF00000000FF00FF00FFFF8180803B, StartTime=2016.06.02-09.42.23, Duration=279.405243, RunGuid=RunIDD406B1B14238A0773C125191AC4D960F
DDCTransactionId76764D7A43AB03A8CD4928BAF386301C_50, PutCachedData=, CacheKey=TEXTURE_814DCC3DC72143F49509781513CB9855_AutoDXT_2962C7C54C85F04DB314BBB799E25__A0298F484FD3EB47FEAE0B148C3CC2C02BEB211F, StartTime=2016.06.02-09.42.23, HierarchicalDDC=, DataSize=8454, Duration=59.696350, RunGuid=RunIDD406B1B14238A0773C125191AC4D960F
DDCTransactionId4D1FFB6C4D58902FA8F22BB7894F45D5_43, PutCachedData=, CacheKey=TEXTURE_814DCC3DC72143F49509781513CB9855_AutoDXT_2962C7C54C85F04DB314BBB799E25__BBF6A69E782C3A4983E13AB1E2496798C34F949D, StartTime=2016.06.02-09.42.23, HierarchicalDDC=, DataSize=4474, Duration=96.434296, RunGuid=RunIDD406B1B14238A0773C125191AC4D960F
DDCTransactionId9412E4E74F5D99FC0517C6A6A1F78EA8_30, PutCachedData=, CacheKey=TEXTURE_814DCC3DC72143F49509781513CB9855_AutoDXT_4885B3924E414FB84068C385F4A98__0C76FDF504AF45B54FD8D3A616A6AC25BF2673FF, StartTime=2016.06.02-09.42.24, HierarchicalDDC=, DataSize=3294, Duration=90.561264, RunGuid=RunIDD406B1B14238A0773C125191AC4D960F
DDCTransactionId76764D7A43AB03A8CD4928BAF386301C_51, PutCachedData=, CacheKey=TEXTURE_814DCC3DC72143F49509781513CB9855_G8_2BA31BF34E3895680FEE82B0CB7CB671_0__7A64925EB1F7CDE615A2930B58D0564C125DCDC2, StartTime=2016.06.02-09.42.24, HierarchicalDDC=, DataSize=2097412, Duration=60.317619, RunGuid=RunIDD406B1B14238A0773C125191AC4D960F
DDCTransactionId4D1FFB6C4D58902FA8F22BB7894F45D5_44, PutCachedData=, CacheKey=TEXTURE_814DCC3DC72143F49509781513CB9855_G8_2BA31BF34E3895680FEE82B0CB7CB671_0__18E02647C9B6D1B20D58670FAF0E4272DA6AA449, StartTime=2016.06.02-09.42.24, HierarchicalDDC=, DataSize=524547, Duration=50.698372, RunGuid=RunIDD406B1B14238A0773C125191AC4D960F
DDCTransactionId9412E4E74F5D99FC0517C6A6A1F78EA8_31, PutCachedData=, CacheKey=TEXTURE_814DCC3DC72143F49509781513CB9855_G8_2BA31BF34E3895680FEE82B0CB7CB671_0__0262DEE84B64BB21E74087D2244EDF985805FE8A, StartTime=2016.06.02-09.42.24, HierarchicalDDC=, DataSize=131330, Duration=75.017677, RunGuid=RunIDD406B1B14238A0773C125191AC4D960F
DDCTransactionId60DD0E3849C868114272DE8D14825AF8_28, BuildTexture=, CacheKey=TEXTURE_814DCC3DC72143F49509781513CB9855_G8_76383D134F7459D984FF7FAA50BC5932_07_0000803F0000803F0000803F000000000000803F00000000000000000000803F0000000000000000020000000E000000000000000101000000040000803FFFFFFFFF00000000FF00FF00FFFF8180803B, StartTime=2016.06.02-09.42.24, Duration=295.170471, RunGuid=RunIDD406B1B14238A0773C125191AC4D960F
DDCTransactionId4D1FFB6C4D58902FA8F22BB7894F45D5_45, PutCachedData=, CacheKey=TEXTURE_814DCC3DC72143F49509781513CB9855_G8_2BA31BF34E3895680FEE82B0CB7CB671_0__A20F16EC39FE6DAA1FB5A4EA7A6A9FC1CFC11FC7, StartTime=2016.06.02-09.42.24, HierarchicalDDC=, DataSize=33026, Duration=21.878805, RunGuid=RunIDD406B1B14238A0773C125191AC4D960F
DDCTransactionId76764D7A43AB03A8CD4928BAF386301C_52, PutCachedData=, CacheKey=TEXTURE_814DCC3DC72143F49509781513CB9855_G8_2BA31BF34E3895680FEE82B0CB7CB671_0__E02548C5948CE7D9CCFDEA4432D0FDE6541A08F7, StartTime=2016.06.02-09.42.24, HierarchicalDDC=, DataSize=8449, Duration=75.279396, RunGuid=RunIDD406B1B14238A0773C125191AC4D960F
DDCTransactionId4D1FFB6C4D58902FA8F22BB7894F45D5_46, PutCachedData=, CacheKey=TEXTURE_814DCC3DC72143F49509781513CB9855_G8_2BA31BF34E3895680FEE82B0CB7CB671_0__BA529976E2A5C9ABC83B28FD205B132A0B8EBB62, StartTime=2016.06.02-09.42.24, HierarchicalDDC=, DataSize=4702, Duration=47.249161, RunGuid=RunIDD406B1B14238A0773C125191AC4D960F
DDCTransactionId9412E4E74F5D99FC0517C6A6A1F78EA8_32, PutCachedData=, CacheKey=TEXTURE_814DCC3DC72143F49509781513CB9855_G8_76383D134F7459D984FF7FAA50BC5932_0__9A15D6E15C5C13548C44552CB00D2BC316539ED8, StartTime=2016.06.02-09.42.24, HierarchicalDDC=, DataSize=2097412, Duration=40.754223, RunGuid=RunIDD406B1B14238A0773C125191AC4D960F
DDCTransactionId4D1FFB6C4D58902FA8F22BB7894F45D5_47, PutCachedData=, CacheKey=TEXTURE_814DCC3DC72143F49509781513CB9855_G8_76383D134F7459D984FF7FAA50BC5932_0__1C03312B62243C92AB5A3039AC3C25AAEA4E1D5A, StartTime=2016.06.02-09.42.24, HierarchicalDDC=, DataSize=524547, Duration=57.729588, RunGuid=RunIDD406B1B14238A0773C125191AC4D960F
DDCTransactionId76764D7A43AB03A8CD4928BAF386301C_53, PutCachedData=, CacheKey=TEXTURE_814DCC3DC72143F49509781513CB9855_G8_76383D134F7459D984FF7FAA50BC5932_0__A28FBB6C7A496B8E53511F95B08BC24594B6E5B5, StartTime=2016.06.02-09.42.24, HierarchicalDDC=, DataSize=131330, Duration=33.001991, RunGuid=RunIDD406B1B14238A0773C125191AC4D960F
DDCTransactionId60DD0E3849C868114272DE8D14825AF8_29, BuildTexture=, CacheKey=TEXTURE_814DCC3DC72143F49509781513CB9855_G8_3311DC22427220C58D24C3AF2BC87EEA_07_0000803F0000803F0000803F000000000000803F00000000000000000000803F0000000000000000020000000E000000000000000101000000040000803FFFFFFFFF00000000FF00FF00FFFF8180803B, StartTime=2016.06.02-09.42.24, Duration=293.355713, RunGuid=RunIDD406B1B14238A0773C125191AC4D960F
DDCTransactionId76764D7A43AB03A8CD4928BAF386301C_54, PutCachedData=, CacheKey=TEXTURE_814DCC3DC72143F49509781513CB9855_G8_76383D134F7459D984FF7FAA50BC5932_0__1998E4E565A20F2F90B8174DAE08394399DD4EBA, StartTime=2016.06.02-09.42.24, HierarchicalDDC=, DataSize=33026, Duration=23.760252, RunGuid=RunIDD406B1B14238A0773C125191AC4D960F
DDCTransactionId9412E4E74F5D99FC0517C6A6A1F78EA8_33, PutCachedData=, CacheKey=TEXTURE_814DCC3DC72143F49509781513CB9855_G8_76383D134F7459D984FF7FAA50BC5932_0__CF733CC5B4D91997D5ACB66D06103EA6A7DB905A, StartTime=2016.06.02-09.42.24, HierarchicalDDC=, DataSize=8449, Duration=185.613495, RunGuid=RunIDD406B1B14238A0773C125191AC4D960F
DDCTransactionId76764D7A43AB03A8CD4928BAF386301C_55, PutCachedData=, CacheKey=TEXTURE_814DCC3DC72143F49509781513CB9855_G8_76383D134F7459D984FF7FAA50BC5932_0__A9977A82A0E3971F03AC58AEE6BCB4737DDEE157, StartTime=2016.06.02-09.42.24, HierarchicalDDC=, DataSize=4702, Duration=14.721218, RunGuid=RunIDD406B1B14238A0773C125191AC4D960F
DDCTransactionId4D1FFB6C4D58902FA8F22BB7894F45D5_48, PutCachedData=, CacheKey=TEXTURE_814DCC3DC72143F49509781513CB9855_G8_3311DC22427220C58D24C3AF2BC87EEA_0__4CC14EBBF4AA9BAB18FEF956D232CB9105470FA5, StartTime=2016.06.02-09.42.24, HierarchicalDDC=, DataSize=2097412, Duration=52.278969, RunGuid=RunIDD406B1B14238A0773C125191AC4D960F
DDCTransactionId76764D7A43AB03A8CD4928BAF386301C_56, PutCachedData=, CacheKey=TEXTURE_814DCC3DC72143F49509781513CB9855_G8_3311DC22427220C58D24C3AF2BC87EEA_0__9B6B69C6F16B9CE80BCACB1386FC60D4A2CAE254, StartTime=2016.06.02-09.42.24, HierarchicalDDC=, DataSize=524547, Duration=86.315018, RunGuid=RunIDD406B1B14238A0773C125191AC4D960F
DDCTransactionId9412E4E74F5D99FC0517C6A6A1F78EA8_34, PutCachedData=, CacheKey=TEXTURE_814DCC3DC72143F49509781513CB9855_G8_3311DC22427220C58D24C3AF2BC87EEA_0__C5A114072D8ECADE82D9CF3802296445EF627888, StartTime=2016.06.02-09.42.24, HierarchicalDDC=, DataSize=131330, Duration=106.627663, RunGuid=RunIDD406B1B14238A0773C125191AC4D960F
DDCTransactionId60DD0E3849C868114272DE8D14825AF8_30, BuildTexture=, CacheKey=TEXTURE_814DCC3DC72143F49509781513CB9855_G8_4B9B0DE74D0D0D217BA89D99B5A88EE9_07_0000803F0000803F0000803F000000000000803F00000000000000000000803F0000000000000000020000000E000000000000000101000000040000803FFFFFFFFF00000000FF00FF00FFFF8180803B, StartTime=2016.06.02-09.42.24, Duration=322.766083, RunGuid=RunIDD406B1B14238A0773C125191AC4D960F
DDCTransactionId4D1FFB6C4D58902FA8F22BB7894F45D5_49, PutCachedData=, CacheKey=TEXTURE_814DCC3DC72143F49509781513CB9855_G8_3311DC22427220C58D24C3AF2BC87EEA_0__A209C2940C6CFAE3EC05E5E1C942DC437ED28B47, StartTime=2016.06.02-09.42.24, HierarchicalDDC=, DataSize=33026, Duration=39.204735, RunGuid=RunIDD406B1B14238A0773C125191AC4D960F
DDCTransactionId76764D7A43AB03A8CD4928BAF386301C_57, PutCachedData=, CacheKey=TEXTURE_814DCC3DC72143F49509781513CB9855_G8_3311DC22427220C58D24C3AF2BC87EEA_0__BB143083A39DA831556AD5042B8B932C90955137, StartTime=2016.06.02-09.42.24, HierarchicalDDC=, DataSize=8449, Duration=156.563644, RunGuid=RunIDD406B1B14238A0773C125191AC4D960F
DDCTransactionId4D1FFB6C4D58902FA8F22BB7894F45D5_50, PutCachedData=, CacheKey=TEXTURE_814DCC3DC72143F49509781513CB9855_G8_3311DC22427220C58D24C3AF2BC87EEA_0__9B36202E5F24AD19F981A9CB56570EB0DC7C6CCA, StartTime=2016.06.02-09.42.24, HierarchicalDDC=, DataSize=4702, Duration=49.542114, RunGuid=RunIDD406B1B14238A0773C125191AC4D960F
DDCTransactionId9412E4E74F5D99FC0517C6A6A1F78EA8_35, PutCachedData=, CacheKey=TEXTURE_814DCC3DC72143F49509781513CB9855_G8_4B9B0DE74D0D0D217BA89D99B5A88EE9_0__3C8E984DD3582E2B800DFFB99D4F6A0CC04B38CB, StartTime=2016.06.02-09.42.25, HierarchicalDDC=, DataSize=2097412, Duration=72.303268, RunGuid=RunIDD406B1B14238A0773C125191AC4D960F
DDCTransactionId4D1FFB6C4D58902FA8F22BB7894F45D5_51, PutCachedData=, CacheKey=TEXTURE_814DCC3DC72143F49509781513CB9855_G8_4B9B0DE74D0D0D217BA89D99B5A88EE9_0__F32E61F93D5AF00EB2F394114528A64811137F55, StartTime=2016.06.02-09.42.25, HierarchicalDDC=, DataSize=524547, Duration=27.746700, RunGuid=RunIDD406B1B14238A0773C125191AC4D960F
DDCTransactionId76764D7A43AB03A8CD4928BAF386301C_58, PutCachedData=, CacheKey=TEXTURE_814DCC3DC72143F49509781513CB9855_G8_4B9B0DE74D0D0D217BA89D99B5A88EE9_0__A6FE220EEB5619EF0032FB6256D3D4D04D76D56A, StartTime=2016.06.02-09.42.25, HierarchicalDDC=, DataSize=131330, Duration=52.326122, RunGuid=RunIDD406B1B14238A0773C125191AC4D960F
DDCTransactionId4D1FFB6C4D58902FA8F22BB7894F45D5_52, PutCachedData=, CacheKey=TEXTURE_814DCC3DC72143F49509781513CB9855_G8_4B9B0DE74D0D0D217BA89D99B5A88EE9_0__CF918A045F742AA8D3CB51993F391D7A476C8E69, StartTime=2016.06.02-09.42.25, HierarchicalDDC=, DataSize=33026, Duration=13.872869, RunGuid=RunIDD406B1B14238A0773C125191AC4D960F
DDCTransactionId60DD0E3849C868114272DE8D14825AF8_31, BuildTexture=, CacheKey=TEXTURE_814DCC3DC72143F49509781513CB9855_G8_EF0A49494EA57F15BA5A008D719F5441_07_0000803F0000803F0000803F000000000000803F00000000000000000000803F0000000000000000020000000E000000000000000101000000040000803FFFFFFFFF00000000FF00FF00FFFF8180803B, StartTime=2016.06.02-09.42.25, Duration=292.321991, RunGuid=RunIDD406B1B14238A0773C125191AC4D960F
DDCTransactionId4D1FFB6C4D58902FA8F22BB7894F45D5_53, PutCachedData=, CacheKey=TEXTURE_814DCC3DC72143F49509781513CB9855_G8_4B9B0DE74D0D0D217BA89D99B5A88EE9_0__F4B1C299B1D7FBA9EE2F37A5465C1BBDC88FCE53, StartTime=2016.06.02-09.42.25, HierarchicalDDC=, DataSize=8449, Duration=40.490574, RunGuid=RunIDD406B1B14238A0773C125191AC4D960F
DDCTransactionId76764D7A43AB03A8CD4928BAF386301C_59, PutCachedData=, CacheKey=TEXTURE_814DCC3DC72143F49509781513CB9855_G8_4B9B0DE74D0D0D217BA89D99B5A88EE9_0__0B93DF584F6E4837098DE0EFECE10D89F5BB40A2, StartTime=2016.06.02-09.42.25, HierarchicalDDC=, DataSize=4702, Duration=18.394310, RunGuid=RunIDD406B1B14238A0773C125191AC4D960F
DDCTransactionId76764D7A43AB03A8CD4928BAF386301C_60, PutCachedData=, CacheKey=TEXTURE_814DCC3DC72143F49509781513CB9855_G8_EF0A49494EA57F15BA5A008D719F5441_0__EA4E4B32A494832B8857D073C2EA2546C8458FF0, StartTime=2016.06.02-09.42.25, HierarchicalDDC=, DataSize=524547, Duration=51.747826, RunGuid=RunIDD406B1B14238A0773C125191AC4D960F
DDCTransactionId4D1FFB6C4D58902FA8F22BB7894F45D5_54, PutCachedData=, CacheKey=TEXTURE_814DCC3DC72143F49509781513CB9855_G8_EF0A49494EA57F15BA5A008D719F5441_0__A7FC9D00CB87446A70F37DA851426F6C7961703D, StartTime=2016.06.02-09.42.25, HierarchicalDDC=, DataSize=131330, Duration=59.160400, RunGuid=RunIDD406B1B14238A0773C125191AC4D960F
DDCTransactionId9412E4E74F5D99FC0517C6A6A1F78EA8_36, PutCachedData=, CacheKey=TEXTURE_814DCC3DC72143F49509781513CB9855_G8_EF0A49494EA57F15BA5A008D719F5441_0__B95E65E894853CF96E45053A92DE5CE5BD75ABF4, StartTime=2016.06.02-09.42.25, HierarchicalDDC=, DataSize=2097412, Duration=133.678680, RunGuid=RunIDD406B1B14238A0773C125191AC4D960F
DDCTransactionId60DD0E3849C868114272DE8D14825AF8_32, BuildTexture=, CacheKey=TEXTURE_814DCC3DC72143F49509781513CB9855_G8_E5F70AD74894D862D3C22EAD01680594_07_0000803F0000803F0000803F000000000000803F00000000000000000000803F0000000000000000020000000E000000000000000101000000040000803FFFFFFFFF00000000FF00FF00FFFF8180803B, StartTime=2016.06.02-09.42.25, Duration=64.110344, RunGuid=RunIDD406B1B14238A0773C125191AC4D960F
DDCTransactionId76764D7A43AB03A8CD4928BAF386301C_61, PutCachedData=, CacheKey=TEXTURE_814DCC3DC72143F49509781513CB9855_G8_EF0A49494EA57F15BA5A008D719F5441_0__DFB0607B8A7BCAF1E0A06A2CB06E1EA00C9D2F05, StartTime=2016.06.02-09.42.25, HierarchicalDDC=, DataSize=33026, Duration=44.080914, RunGuid=RunIDD406B1B14238A0773C125191AC4D960F
DDCTransactionId4D1FFB6C4D58902FA8F22BB7894F45D5_55, PutCachedData=, CacheKey=TEXTURE_814DCC3DC72143F49509781513CB9855_G8_EF0A49494EA57F15BA5A008D719F5441_0__B9A5BFACBE5DFF3131E71C818ED5049E226F4907, StartTime=2016.06.02-09.42.25, HierarchicalDDC=, DataSize=8449, Duration=57.438679, RunGuid=RunIDD406B1B14238A0773C125191AC4D960F
DDCTransactionId60DD0E3849C868114272DE8D14825AF8_33, BuildTexture=, CacheKey=TEXTURE_814DCC3DC72143F49509781513CB9855_G8_2836F4FB420907B184AD0FAACC9E7A53_07_0000803F0000803F0000803F000000000000803F00000000000000000000803F0000000000000000020000000E000000000000000101000000040000803FFFFFFFFF00000000FF00FF00FFFF8180803B, StartTime=2016.06.02-09.42.25, Duration=0.541084, RunGuid=RunIDD406B1B14238A0773C125191AC4D960F
DDCTransactionId4D1FFB6C4D58902FA8F22BB7894F45D5_56, PutCachedData=, CacheKey=TEXTURE_814DCC3DC72143F49509781513CB9855_G8_EF0A49494EA57F15BA5A008D719F5441_0__766139572B0261AB9F9F321F10D6BE263CC8AFB3, StartTime=2016.06.02-09.42.25, HierarchicalDDC=, DataSize=4702, Duration=17.540182, RunGuid=RunIDD406B1B14238A0773C125191AC4D960F
DDCTransactionId76764D7A43AB03A8CD4928BAF386301C_62, PutCachedData=, CacheKey=TEXTURE_814DCC3DC72143F49509781513CB9855_G8_E5F70AD74894D862D3C22EAD01680594_0__9B18DF939ED2364154E1A40AEDEBB785B0F475B2, StartTime=2016.06.02-09.42.25, HierarchicalDDC=, DataSize=524547, Duration=17.850016, RunGuid=RunIDD406B1B14238A0773C125191AC4D960F
DDCTransactionId4D1FFB6C4D58902FA8F22BB7894F45D5_57, PutCachedData=, CacheKey=TEXTURE_814DCC3DC72143F49509781513CB9855_G8_E5F70AD74894D862D3C22EAD01680594_0__7577F3D7874BC6015415F5A876EA8AFB026BBB7C, StartTime=2016.06.02-09.42.25, HierarchicalDDC=, DataSize=131330, Duration=21.705605, RunGuid=RunIDD406B1B14238A0773C125191AC4D960F
DDCTransactionId76764D7A43AB03A8CD4928BAF386301C_63, PutCachedData=, CacheKey=TEXTURE_814DCC3DC72143F49509781513CB9855_G8_E5F70AD74894D862D3C22EAD01680594_0__9633B06DAB853BAABEE568A35AADA47E08F87211, StartTime=2016.06.02-09.42.25, HierarchicalDDC=, DataSize=33026, Duration=18.370897, RunGuid=RunIDD406B1B14238A0773C125191AC4D960F
DDCTransactionId9412E4E74F5D99FC0517C6A6A1F78EA8_37, PutCachedData=, CacheKey=TEXTURE_814DCC3DC72143F49509781513CB9855_G8_E5F70AD74894D862D3C22EAD01680594_0__4092345B48CD97EBDADE18427B8B27389CB2A38A, StartTime=2016.06.02-09.42.25, HierarchicalDDC=, DataSize=8449, Duration=13.972298, RunGuid=RunIDD406B1B14238A0773C125191AC4D960F
DDCTransactionId76764D7A43AB03A8CD4928BAF386301C_64, PutCachedData=, CacheKey=TEXTURE_814DCC3DC72143F49509781513CB9855_G8_E5F70AD74894D862D3C22EAD01680594_0__CA5C3D23697BC482F47AFA8F062451B3636F4204, StartTime=2016.06.02-09.42.25, HierarchicalDDC=, DataSize=4410, Duration=18.850721, RunGuid=RunIDD406B1B14238A0773C125191AC4D960F
DDCTransactionId4D1FFB6C4D58902FA8F22BB7894F45D5_58, PutCachedData=, CacheKey=TEXTURE_814DCC3DC72143F49509781513CB9855_G8_2836F4FB420907B184AD0FAACC9E7A53_0__9BF1103B4F6255AB85DEE60A1E68CF4C095DA665, StartTime=2016.06.02-09.42.25, HierarchicalDDC=, DataSize=3250, Duration=16.917955, RunGuid=RunIDD406B1B14238A0773C125191AC4D960F
